authors,category,content,date,id,img_src,section,tags,title,topics,url
Ingrid Lunden,Finance,"Have you ever wanted to know what makes a fintech startup tick, but didn’t have the chance, or the right person, to ask? Well, we’ve got you covered: Mike Cagney, the co-founder and CEO of one of the hottest fintech businesses around, is coming to Disrupt in New York for a fireside chat, and we want to hear what you’d like to know.
More on that below. But first, allow me to start from the beginning:
What’s SoFi?
The startup had its beginnings providing money to fresh graduates to start businesses and refinance their student loans, tapping alumni from those same schools to provide the financing, and using a clever algorithm that measures a person’s credit based on a new set of metrics around that person’s potential earning power over time.
Today, however, the company is tackling an even wider range of services, from mortgages to personal loans, to wealth management and life insurance. And thus far, SoFi’s business has been a hit, leading the company to recently raise a hefty round of funding at a $1.9 billion valuation.
But SoFi isn’t your ordinary financial services company — SoFi is short for “Social Finance,” and the company puts a big emphasis on the “social” aspect of that.
The company organizes community events, provides mentorship and advice to its customers, and offers a referral program for people starting businesses.
The idea here is that money is just one part of realizing a plan, and that, as the company doing the lending, SoFi will have a better chance of getting repaid (and winning more business) if it plays a role in fostering success for its customer.
I’m going to have Cagney on stage in a fireside chat, and I’ll have plenty of my own questions.
But, in the spirit of social sharing and community that SoFi aims to espouse, I’d like to hear what you want to ask Cagney. You can send me your questions anonymously, or by email: remember to put “SoFi Disrupt” in the subject heading.
You can pick up your tickets to Disrupt NY right here.
See you there!
Sponsors make TechCrunch events possible. If you’re interested in learning more about sponsorships with TechCrunch, shoot an email to sponsors@techcrunch.com.",2017-03-24,1468202,https://tctechcrunch2011.files.wordpress.com/2017/03/screen-shot-2017-03-23-at-3-17-01-pm.png?w=738,startups/,sofi,What do you want to ask SoFi CEO Mike Cagney at Disrupt NY?,,https://techcrunch.com/2017/03/24/what-do-you-want-to-ask-sofi-ceo-mike-cagney-at-disrupt-ny/
Megan Rose Dickey,Startups,"On the heels of a $400 million round at a $3.4 billion valuation, Instacart has agreed on a $4.65 million fee to settle a class-action lawsuit around claims that the on-demand grocery delivery startup misclassified its personal shoppers as independent contractors, and also failed to reimburse them for their work expenses, Recode reports.
There are over 31,000 Instacart shoppers involved in this class-action suit, which means each of them is not actually going to receive that much money. The most active plaintiffs named in the case, Arlin Golden, Dominic Cobarruviaz and Batya Weber, will receive $5,000 each. Other named plaintiffs will receive either $500 or $1,000 each.
But maybe this win isn’t really about the money, but rather the changes Instacart will implement. As part of the proposed settlement, Instacart will clarify the difference between a service fee and a tip — something that Instacart has received flack for in the past.
The company has also agreed to disclose to potential new shoppers up front that Instacart does not offer insurance and that commercial insurance may be required depending on where they work.
“This change will prevent situations where Shoppers are blindsided when they get into an accident on the job and end up having their claim denied or getting dropped by their personal insurance carrier,” the proposed settlement states.
As part of the settlement, Instacart will change its deactivation policy from being able to fire shoppers for any or no reason at all. Instacart has also agreed to implement a formal policy that would only allow them to fire a shopper for a specific reason.
Update: “We have settled a nationwide class action lawsuit, primarily over the classification of our shoppers as independent contractors,” an Instacart spokesperson told TechCrunch. “This is a positive, early resolution for the Company, and we look forward to finalizing the settlement.",2017-03-23,1468463,https://tctechcrunch2011.files.wordpress.com/2016/09/disrupt_sf16_apoorva_mehta-4097.jpg?w=738,startups/,,Instacart agreed to settle a class-action lawsuit for $4.6 million,instacart,https://techcrunch.com/2017/03/23/instacart-has-agreed-to-settle-a-class-action-lawsuit-for-4-6-million/
Anthony Ha,Advertising Tech,"Social media can be hard.
I’m not speaking hypothetically here. There have definitely been days where I’ve thought, Shoot, it’s been way too long since I’ve posted on Instagram or Twitter — and then completely failed to post anyway because I had nothing to say. Maybe I would’ve done better if I’d used Post Intelligence.
I’ve seen plenty of other social media dashboards and assistants, but Post Intelligence’s assistant, which it calls Pi, offers the most direct advice that I’ve seen. After you connect your Twitter account or Facebook page, it creates a stream of links that you could consider posting. (Today, its first few suggestions for me were about Batman and Trump, which sounds about right.)
Once you’ve drafted a post, Pi will predict how well your post will do, and it might suggest what time to schedule it. It also offers analytics to see how a post did, and there’s even a marketplace to make money through sponsored posts.
Post Intelligence co-founder and CEO Bindu Reddy told me the product examines engagement data from Facebook and Twitter. Then it uses artificial intelligence to surface the topics that will do well with your followers, and to predict the performance of a post based on things like topic, length, sentiment and keywords.
“We’re making your tweets better,” Reddy said.


“Instead of just these top five TV shows or 10 top news articles, we might highlight 1,000 different things,” Reddy said. “So I’m actually very positive that it gets rid of that echo chamber that we have.”
Post Intelligence was created by the same company behind social advertising platform MyLikes. Reddy said the technology is “completely new — we rewrote the whole infrastructure” and that the team is now focused solely on Post Intelligence.
The current version of Post Intelligence is available for free.",2017-03-23,1468343,https://tctechcrunch2011.files.wordpress.com/2017/03/post-intelligence.png?w=738,startups/,mylikes,Post Intelligence says it can make your tweets better,,https://techcrunch.com/2017/03/23/post-intelligence-launch/
Ruben Harris,Startups,"

There are roughly 58,000 homeless students on college campuses in the United States (according to the National Association for the Education of Homeless Children and Youth [NAEHCY] and Free Application for Federal Student Aid [FAFSA]).
That number could actually be much higher, given students’ reluctance to disclose any issues with their housing.
That same dynamic is also in play with coding bootcamps, where students have been able to get diversity scholarships or other financial resources, but are still homeless due to high housing costs in the cities where bootcamps are based.
On Today’s Breaking Into Startups episode, we share Everette Taylor’s untold story about how he went from being homeless in high school, dropped out of college, but went on to become the chief marketing officer at Skurt.",2017-03-23,1467972,https://tctechcrunch2011.files.wordpress.com/2017/03/everette_taylor_watermark.png?w=738,startups/,"homelessness,education,breaking-into-startups",How Everette Taylor went from a homeless college dropout to chief marketing officer at Skurt,,https://techcrunch.com/2017/03/23/how-everette-taylor-went-from-a-homeless-college-dropout-to-chief-marketing-officer-at-skurt/
Romain Dillet,Europe,"Fintech startup Revolut has been a free service and that’s not going to change. But the company is adding a premium tier with more features for £6.99/€8.50/$8.50 per month in 42 European countries.
If you sign up to the new “Premium Account,” you’ll receive a MasterCard with a new design. There are three different options and I love pink so I think they look quite good.
But the card is just the visible element. Premium accounts get unlimited interbank foreign exchange when you spend, transfer and exchange money with your Revolut account. Free users can send, spend and exchange up to £5,000/€6,000/$6,000 (or equivalent) per month. After that there’s a 0.5 percent fee.
Revolut is going after recurring Transferwise customers who transfer big amounts of money to another bank account. If you transfer or spend more than £6,400 per month, then it becomes more interesting to get a Premium account over a standard one. It’s not for everyone, but expats with a comfortable salary could be interested.
Premium users can also withdraw £400/€400 (or equivalent) per month for free instead of £200/€200. There’s a 2 percent fee on ATM withdrawals after those limits.
In addition to those better fees, premium users get global medical insurance, free card replacements and better support. The company promises that there will be more features in the future.
In other news, Revolut is going to raise $5 million (£4 million) on equity crowdfunding platform Seedrs. Those who sign up for a premium account will get early access to the funding round in case it’s oversubscribed.
The startup also plans to raise from VCs. The crowdfunding round is just going to be part of a bigger Series B round.
Revolut now has 550,000 users. After signing up, you receive a MasterCard that lets you spend money anywhere around the world without a fee. You can top up your Revolut account in USD, GBP and EUR using a credit card or bank transfer.",2017-03-23,1468236,https://tctechcrunch2011.files.wordpress.com/2017/03/premium-revolut-cards.png?w=738,startups/,"revolut,fintech",Revolut launches a premium subscription and starts raising a new round,,https://techcrunch.com/2017/03/23/revolut-launches-a-premium-subscription-and-starts-raising-a-new-round/
Anthony Ha,Advertising Tech,"Zenreach is announcing that it has raised $30 million in Series C funding.
The round comes from venture capital firms like Maverick Ventures, Founders Fund (Founders Fund’s Peter Thiel joined the board last year), 8 VC, Bain Capital Ventures, First Round Capital and SV Angel — plus two celebrity investors, NBA star Kevin Durant and actor/VC Ashton Kutcher.
Founder and CEO Jack Abraham (pictured above with Durant and Kutcher) previously sold his local shopping startup Milo to eBay for $75 million. He said that Zenreach, like Milo, is “bringing the online and offline world together.”
Specifically, businesses that use Zenreach can offer their customers free Wi-Fi. All the customer needs to do is register using their email address, phone number or Facebook account.
Zenreach then uses that information to create a customer database for the business, which in turn allows them to deliver targeted promotions — businesses could create different messages and offers for new customers, loyal customers, customers who need to be enticed back and so on. And because Zenreach can recognize devices once they’ve been registered, it can help businesses measure when these efforts actually bring people back into the store.
While there are other companies offering CRM tools for brick-and-mortar merchants (Square, for example, is trying to do this on the payments side), Abraham said his company’s approach is particularly compelling because it doesn’t require any change in consumer behavior or any additional training for store staff: You just install the Zenreach router and it automatically starts collecting email addresses.
In fact, Abraham said the company collects an average of 10 email address per day for each business.

“Every merchant wants to offer it, and should offer it,” Abraham said. “And it’s becoming expected.”
Zenreach has now raised a total of $80 million. It’s also made some notable hires in the past few months, including former Groupon vice president Zach Finley, who’s now executive vice president of growth and operations, and Derek Seibert, who held a number of roles at Uber and is now Zenreach’s director of growth.",2017-03-23,1468201,https://tctechcrunch2011.files.wordpress.com/2017/03/jack-abraham.png?w=738,startups/,"kevin-durant,free-wifi,ashton-kutcher",Zenreach raises $30M to help businesses boost their marketing with free Wi-Fi,,https://techcrunch.com/2017/03/23/zenreach-series-c/
Sarah Perez,Apps,"A new startup called CALA aims to make it easier for new designers to break into the fashion business by offering everything needed to run their e-commerce operations – from production to delivery. In addition, CALA’s new mobile app where this apparel is sold is upending the traditional way garment sizes are created and fitted by way of 3D body scanning technology. The result is custom apparel that matches shoppers’ own body measurements with a high degree of accuracy.
CALA was founded last year by Andrew Wyatt, previously the Head of Operations at Shyp, and Shyp’s third engineer, Dylan Pyle. After advising a fashion company, Wyatt realized there was a need for operations technology in the space.
As he describes it, CALA is meant to be a way for designers to outsource all the “non sexy stuff” so they can focus on their sweet spot: their actual designs.

Targeted toward indie designers, as well as online influencers, artists or musicians who want to launch their own labels, CALA handles everything that happens after the sketching process, including hosting the consumer-facing online store on both web and mobile, helping customers find the right size, and getting the garments manufactured and delivered.
Online and in the CALA mobile app, which launched just this week in the Apple App Store, there are now three fashion lines – two from designers – Peter Vu and Anthony Cucculelli – and one of CALA’s own where it can experiment with its new ideas.
The garments themselves are all made in L.A., says Wyatt.
“Basically, we’re taking a page out of Zara’s book, where we’ve built a network of small, 15- to 30-person cut-and-sew shops in L.A. Zara does the same thing in Spain,” Wyatt explains. The advantage of this model is that it speeds up the time it takes for designers to begin selling, he says.
“We’re able to be really responsive. As a designer, you can give us that first sketch and fabric choice, and 40 days later, you can sell your first garment…Typically, in fashion, it would be around 12 to 16 months,” he adds.
The lines sold in the app can also remain small, as designers aren’t forced to add more pieces just to meet manufacturing minimums overseas – as factories in Asia would require. However, that also means that you won’t find an $8 tank top sold through CALA – instead it’s more like $1,500 jackets and $300 blouses.
That said, the type of styles offered through the CALA app can vary, based on which designers CALA is working with at the time. It could feature anything from streetwear to high-end couture.

Though offering an operations platform for e-commerce fashion brands would be enough of a business model to get a new startup off the ground, CALA takes things a step further through its use of 3D body scanning technology.
The company first created a database of 1,000 body 3D body scans at events hosted in L.A. New York and San Francisco, where they invited people to come meet the designers. The scans, which were created using sensor technology from 3D sensor company PrimeSense (yes, the one acquired by Apple), and are accurate down to millimeters.

Now, with the new CALA mobile app, shoppers are prompted to use their smartphone to snap photos of their own body which are then matched to the scans CALA has already stored.
Instead of holding the device at an angle or having a friend snap the shot, customers prop the device up next to a wall, then snap a through photos as directed by an in-app tutorial.
“This body matching gets us 95 percent of the way there,” says Wyatt. “The way we build our sizes is not based on the traditional ‘2, 4, 6, 8…’, it’s based on the population of people we already have on the platform.”
These “smart sizes,” as they’re called, can then be adapted further based on a person’s actual measurements.

For example, a customer could be mapped to what would be like a three-and-a-half, but then based on their arm length, the pattern could be adjusted for a more accurate fit.
Customized apparel like this should be expensive, but Wyatt notes they’re trying to mitigate costs by using digital cut files that are used by lasers for the cutting process, which reduces the cut time that would be otherwise be necessitated by human labor.
CALA generates revenue by charging a small amount upfront to cover development costs, then taking a percentage of the revenues of the items sold through its app.

The company sees the potential for its technology beyond the CALA app, however. Longer-term, it hopes to license out its tech to other vertically integrated e-commerce businesses, where supply chains are shorter than in traditional retail.
“You see StitchFix and a lot of these companies where they’re providing value through really understanding your taste,” Wyatt says.
“But we feel that the most intimate part of clothing has actually been your size – and that’s never really been a part of the equation…We want to help push that forward using machine learning and big data to make not only the styles you want, but the sizes that people actually wear,” he says.
The San Francisco-based startup is a team of three full-time and four part-time, in addition to its contract network in L.A. CALA is closing on a round of seed funding, to be announced in the months ahead.",2017-03-23,1468088,https://tctechcrunch2011.files.wordpress.com/2017/03/ios-blog-post-hero.png?w=738,startups/,"apps,apparel,3d-scanning",CALA’s app fits designer clothing to your body using iPhone photos,,https://techcrunch.com/2017/03/23/calas-app-fits-designer-clothing-to-your-body-using-iphone-photos/
