authors,category,content,date,id,img_src,section,tags,title,topics,url
John Biggs,Startups,"Shout is a sharing app. Think of it as a stripped-down Pinterest for those with no interest in messing with pretty photos of cookies and you get the general idea. And I think, with a little work, it could be a go-to collaboration tool for partners shopping for supplies, couples interested in not buying two boxes of beans at the grocery store, and a micro-blogging platform for the plugged in.
To use it you create lists and then add items to those lists. The lists can be collaborative and public so anyone can add items to the list. You can share lists with friends and share single items from lists. The virality is embedded in the process so the more lists you share the cooler your Shout app becomes.
The creator, Jeff Weisbein, started a blog in 2003 called BestTechie and most recently created a sharing service called KYA before creating Shout. “I want to provide an easier way to save, share, and curate content for yourself and/or with friends and followers,” he said.
Weisbein raised $450,000 from angels and they’re working on a Seed Round of $1.55 million. They just launched Shout so they don’t have many numbers yet but it looks like things are on an upward swing.
“Our mission with Shout is to make it incredibly easy to save, share, and curate content. One of the core features in Shout is the three types of ‘Lists’ (Private, Public, and Collaborative), the ability Shout content with your family and/or friends to a single list, and the fact you can easily follow a curated list with content that interests you curated by a human,” he said. “For example, my mom created a private, collaborative list called ‘Mom Links’ and Shouts content to it that she wants me to read/look at. I love tech, so I created a public ‘Tech News’ list where I Shout tech news stories I think are interesting, cool, and important.”
",2017-03-23,1463358,https://tctechcrunch2011.files.wordpress.com/2015/02/7098151677_55cd95b37a_o.jpg?w=738,startups/,"social-media,pinterest,photo-sharing,computing",A new app lets you list and Shout,,https://techcrunch.com/2017/03/23/a-new-app-lets-you-list-and-shout/
Connie Loizos,Fundings & Exits,"For Mashape CEO Augusto Marietti, the Silicon Valley dream is playing out as well as could be imagined.
In 2009, Marietti and his co-founder Marco Palladino — who’d formed a software company in Milan a year earlier — learned of and were accepted into TechCrunch50, a pitch competition that has evolved into today’s giant TechCrunch Disrupt events.
As the event approached, Uber CEO Travis Kalanick — then an active angel investor who was just beginning work on the ridesharing service — posted an ad on Craigslist, offering his home to founders coming in from out of town. Three teams responded; Kalanick chose Marietti and Palladino, providing them a bedroom for a few days and, more importantly, a lifeline to Silicon Valley after they returned home. Indeed, Marietti says he was back in California six months later, negotiating $100,000 in convertible notes with several early YouTube employees at Kalanick’s kitchen table.
At the time, Mashape had just $2,000 in the bank. Fast-forward, and today, San Francisco-based Mashape has raised $28 million in funding, including a fresh $18 million in Series B funding led by Andreessen Horowitz, with participation from earlier backers Index Ventures and  CRV.
It’s been a battle that has gotten easier to fight over time, as Marietti tells it.
New Enterprise Associates led a $1.5 million seed round in 2011, then the company “struggled and made it to the Series A,” a $6.5 million round that closed in 2013, including with a bit of capital from Eric Schmidt’s Innovation Endeavors and Amazon founder and CEO Jeff Bezos.
But Mashape’s newest round “happened quickly because we found a gold mine,” says Marietti of his 25-person company. How, exactly? The company had built for itself an internal technology to help navigate the API marketplace it began building years ago; at some point, it realized that its “air traffic controller-like” technology was the most valuable aspect of its business, and it began to make it available to enterprises.
It was a smart pivot. While early adopters like Uber understood the power of APIs early on — remember that Uber assembled its initial product with other companies’ mapping, payment and communications technologies — more traditional companies were slower to understand that APIs would become the center of modern application architecture.
They appreciate the power of APIs now. In fact, big companies are beginning to embrace these microservices in waves. Now they need tools that help their development teams build flexible new software systems out of them — which is where Mashape comes in.
It isn’t alone in tackling the challenge. Apigee and Tibco’s Mashery are among two companies competing for the same customers. Nevertheless, Mashape says that more than 30 companies are currently paying it a six-figure annual subscription for its core product, Kong. Meanwhile, Marietti says the startup turned cash-flow positive in December.",2017-03-23,1468001,https://tctechcrunch2011.files.wordpress.com/2017/03/ceo_0a.jpg?w=738,startups/,"crv,apis","Years after crashing on Travis Kalanick’s couch, this founder has raised $18M for his startup, Mashape",andreessen-horowitz,https://techcrunch.com/2017/03/23/years-after-crashing-on-travis-kalanicks-couch-this-italian-founder-just-raised-18-million-for-his-startup/
Natasha Lomas,Cloud,"Lystable, a startup that makes a workflow management platform aimed at businesses needing to manage lots of freelancers, has topped up its Series A again — this time with an additional $10 million, which founder and CEO Peter Johnston says will be used to fund a change of business model with a payments focus.
The Techstars London-incubated startup and 2015 Disrupt London battlefield finalist first closed a Series A last June, taking in $11 million at the time, led by Peter Thiel’s Valar Ventures and Goldcrest Capital. Spring Partners also participated, and Max Levchin joined the round soon after.
The latest expansion round — which Lystable says brings its total Series A to $21 million, and total raised to date to $25 million — is again led by Thiel’s Valar Ventures. Existing investors Levchin’s SciFi VC (formerly HVF Investments), Kindred Capital and Goldcrest Capital also participated, along with new investors Glynn Capital and Wilmont Ventures.
So what’s with all Lystable’s funding top-ups? In essence this is down to the startup trying to figure out its market fit, and find out what else it needs to build to get there.
Johnston says the team raised much of the earlier Series A off the back of “a couple of big enterprise deals” (Google is a customer, for example) — and while these big checks evidently excited investors, they also turned out to be “misleading” — given the core conviction driving Lystable is that work will be increasingly unchained from big centralized functions. So trying to sell an enterprise solution wasn’t where the startup felt it needed to be, certainly not at this stage of its development.
“I know the freelancer economy on the corporate side is still pretty new, and still being defined, but after we did those projects we realized we needed to become a team product,” Johnston tells TechCrunch. “We still maintain those enterprise clients but we didn’t set out with a mission to help big corporations centrally control freelancers. That’s not what the future of work is about. It’s about freedom, and it’s about not having boundaries, and not being held back by crappy HR process and un-smooth onboarding. Anyone should be able to work with whoever they need to get the task done the best way it could be done.”
So, while ultimately Lystable is banking on the rise of the gig economy generally fueling demand for its freelance management platform — and even, Johnston reckons, with potential to expand into sectors such as banking and healthcare down the line, when the market need for overhauled freelancer management software becomes more widely established — the platform still needs to mesh with the needs of the current users, in the media and tech space; aka sectors that are more free and open to early adopting new workflow tools.
Hence Lystable quickly making its platform free, and now preparing to switch to a business model that’s centered on building a payments solution for companies to more easily remit freelancers. This payments piece will be a premium add-on to what Lystable now calls its “freelancer collaboration app” — with the plan being to launch a beta at the end of the year. And given payments is now its monetization focus, it’s clear why Levchin’s interest is piqued. The PayPal co-founder is also now joining Lystable’s board.
As they went about rethinking the market fit last year, Johnston says the team explored various different business models, including launching a marketplace (privately), and getting “a bunch of freelancers hired by Airbnb and Farfetch.” But ultimately, he says, they decided to steer clear of a recruitment and/or marketplace approach — given how many existing players are already at work in that space.
Instead, the business model pivot hinges on identifying an ongoing pain-point that was holding back the smooth running of the freelancer collaboration app — which he says was otherwise effectively plugging into all sorts of business functions and tools, and had been seeing usage “growing significantly.” So the missing premium piece they’re now seeking to bolt on is integrating the process for paying freelancers.
“In the app you manage profiles, you assign work and you track [and can generate] invoices, and you integrate with tons of tools at each level. And then what happened was it was being sent off to payroll and the finance departments in these companies,” he explains. “Because, on the team side of our product, the finance was still being taken care of traditionally, through the finance department, the freelancer experience just broke down. They would never know the status of their invoice, they would never get paid on time, it just felt like — on both sides — there was an admin problem.”
The pain of this problem is not just for the freelancers waiting for and wondering where their money is, argues Johnston, asserting there also are compliance and administration hassles for employers trying to centralize payment of (a growing number of) dispersed freelancers via a single finance department.
“Does The Economist [another Lystable customer] really want to be paying 1,500 freelancers a month in the same department that they’re paying their full-time staff? Absolutely not,” he argues. “It’s a compliance nightmare, there’s so many different… ways you need to do it to be compliant with the IRS. International transfers become another headache. You literally can’t do a direct bank transfer from an American bank into some countries.”
“Max [Levchin] had gotten more excited about the freelancer economy, and particularly the ability for us to leverage the fact that we build this freelancer workflow tool — and the position that that could put us in for potentially solving payments admin and compliance admin for both the client and the freelancers,” he adds.
Lystable launched an early version of the payments product at the end of last year — to test the idea with a few customers. But now, fueled with additional funding, it’s preparing to cement the switch. As of next month Johnston says the workflow management platform will be freely available to anyone to sign up (currently, while free, it’s gated with an invite requirement) — with the “hope” after that being a public beta of the payments product launching in December, and a full launch pegged for Q1 2018.
The question remains how large a market Lystable is going to find for this premium payments add-on. Johnston concedes that for companies managing just a small number of freelancers it will be competing with the relatively low hassle of remitting via the likes of PayPal or Stripe. And then for larger entities — say those handling 1,000 freelancer invoices per month — it will be facing the inertia of traditional business processes and the established grip of centralized finance departments.
“It’s definitely difficult,” he says. “The early adopters of our payments product are the people that just see the admin nightmare. In the same way when we first brought this new collaboration app to teams that were working with lots of freelancers, we needed the ones that experienced the pain to such an extent that they were willing to say ‘ok, let’s talk about revising our workflow and investing this new workflow through the Lystable app’. And it’s that same thing.”
“I think the biggest challenge here is you can’t just go and say ‘hey let’s come and do this now.’ We have to integrate,” he adds. “We need to have that backwards compatibility with the existing payments and payments systems. And a lot of reasons for the funding is to build much more of a robust payment experience product team around that. Because even if we’re responsible for the autogeneration of lots of forms and handling of admin around payments, we will still need to speak to the more dominant, full-time, employer payroll system.”
Lystable has some 2,200 customers of its freemium product at this point. On the hiring front, the now San Francisco-headquartered startup is planning to ramp up from its total headcount of 42 staff currently to “probably” 75 by the end of the year — including, says Johnston, plans to add additional senior execs in the next month or so. Doubtless the hoped-for two or three “heavyweights” will come with plenty of payment experience to help Lystable navigate its next set of integration challenges.",2017-03-23,1467600,https://tctechcrunch2011.files.wordpress.com/2017/03/lystable.jpg?w=738,startups/,"lystable,freelancer,battlefield",Lystable takes $10M top-up to tackle freelancer payments,max-levchin,https://techcrunch.com/2017/03/23/lystable-takes-10m-top-up-to-tackle-freelancer-payments/
"Anna Escher,Lora Kolodny",GreenTech,"It’s World Water Day. Time to wake up and take shorter showers. That is, if we’re fortunate enough to have them. Water scarcity and pollution are persistent global problems. According to End Water Poverty, some 663 million people around the world have absolutely no reliable access to clean, safe water year-round. And two-thirds of the world population faces water scarcity for at least one month every year.
In the wealthy US, we’re facing a different kind of water crisis largely of our own making. In 2016 only 9 states reported safe lead levels in their schools’ water supply. Lead and copper contamination can come from irresponsible industry, aging pipes, ineffectual water treatment plants and too little investment in our public water infrastructure.
Droughts and natural disasters can cut off access to potable and sanitary water anywhere in the world, too. Haiti is known as a “pipeless nation,” still recovering from 2010’s catastrophic earthquake and consequent natural disasters. In Haiti, only one-quarter of residents have access to toilets, according to the World Bank. And it’s hard to believe it, but giant freshwater sources in North America like Lake Mead in Arizona or the Colorado River may not be able to keep pumping to residents’ homes and businesses much longer thanks to drought and pollution.
Our daily consumption of water affects future supply, of course. Right now, according to research by WWF, wasteful irrigation systems on farms consume about 70% of the world’s freshwater, over double that of any other industry. By contrast, municipal water represents a mere 8% of global use. Bad irrigation practices in farming can hurt our water in other ways, washing pollutants into rivers, streams or other freshwater ecosystems.
At TechCrunch, we’re lucky to see the hopeful ways that startups, investors and other organizations are working to solve huge problems plaguing humanity with tech, including the global water crisis. Here are 12 to watch:
1. Water Is Life

The nonprofit Water is Life makes and distributes portable water filters that look like big straws. The components inside the straws are “membranes, iodized crystals and active carbon,” which eliminate harmful bacteria and viruses including typhoid, cholera, E. coli, and reduce other harmful particles so people can drink safely wherever they go. Water is Life also creates educational campaigns, and even a VR game, to teach kids why and how they should clean or filter water before they drink from a potentially unsafe source.
2. charity: water

Charity: water is focused on helping people get access to clean water. Founder Scott Harrison has gotten support from the tech community throughout the years, with entrepreneurs like Sean Parker and Michael Birch involved with the organization.
3. The Human Utility: Detroit Water Project 

Backed by Y Combinator, TeeSpring and the Shuttleworth Foundation, The Human Utility is helping low-income families get help paying for their water bills so their taps won’t be turned off by utilities leaving them thirsty in their own homes.
4. WaterSmart

WaterSmart’s software helps the water industry understand what’s happening to every last drop of H2O. It aggregates and analyzes information from millions of water meters, predicts demand, and helps utilities communicate with customers about everything from leaks at home to service or rate changes. WaterSmart is making moves with a recent $7 million raise at a $21 million pre-money valuation.
5. Valor Water

Backed by Y Combinator, Valor Water helps utilities understand who is wasting and who is conserving water among their customers. With that data, they can target rate hikes at water pigs, and cut conservationists a good deal to incentivize responsible water use. The company previously competed in TechCrunch’s Startup Battlefield in San Francisco.
6. TOTO

TOTO manufactures high-efficiency toilets and has been named a Water Efficiency Leader by the US Environmental Protection Agency, which lauded its sustainable manufacturing and advocacy efforts. The company’s toilets clean themselves with electrolyzed water after every use. TOTO invited TechCrunch to test-drive their latest bidet-and-toilet model at CES this year, but our reporter declined since he was doing the story on camera.
7. Pluto AI

This company, which was one of our favorites from 500 Startups’ 19th class, is developing an application of deep learning for water management. Pluto.ai uses data and machine learning to predict infrastructure failures and to monitor water usage. The company is striving to reduce operating costs at two of the 10 largest water companies in the world who it counts among its partners today.
8. ImagineH20

Imagine H2O is a water-focused accelerator and fund providing water entrepreneurs with “the resources, insight and visibility to launch and scale successful businesses.” The company’s annual water innovation prize rallies entrepreneurs to focus on solving different water-related problems with their technology. This year’s winner, Utilis, uses satellite imagery and big data analytics to find leaks in underground water supplies to large, urban markets so that cities can stop them and save that water for residential use.
9. XPV Water Partners
A Toronto-based venture firm called XPV Water Partners has developed a specialization around startups in the water industry, one of the most regulated sectors in every nation. Its portfolio includes microbial monitoring tech startup LuminUltra, water reclamation and reuse venture Natural Systems Utilities, and Shenandoah Growers, a grower of organic herbs that uses 90% less water than required with traditional farming methods, but no photo-sharing or dating apps.
10. Planet Water Foundation

This nonprofit installs water filtration systems in rural communities and at schools around the world so they can have clean, safe drinking water. The systems, called Aqua Towers, trap harmful particles, and kill bacteria and viruses, providing 1,000 people with 10,000 liters of clean water per unit daily.
11. RWL Water 

New York-based RWL Water builds desalination plants and wastewater treatment systems around the world.  The company works to provide a power supply to customers who are in geographically remote areas but need water to power their communities and businesses. Most recently, RWL acquired a water plant in São Paulo, Brazil, a market that has been struggling to keep its residents and businesses in clean water after a two year, El Niño drought.
12. Bill & Melinda Gates Foundation

The Bill & Melinda Gates Foundation is a tour de force supporting tech to solve problems that plague humanity. The foundation’s Water & Sanitation Hygiene Challenge, and Reinvent the Toilet fair award grants to organizations that improve sanitation in the developing world. According to the foundation’s own research, “Better sanitation contributes to economic development, delivering up to $5 in social and economic benefits for every $1 invested through increased productivity, reduced healthcare costs, and prevention of illness, disability, and early death.”
 ",2017-03-22,1467714,https://tctechcrunch2011.files.wordpress.com/2016/11/p4p_kv_waterfall_japan.jpg?w=738,startups/,"imagine-h2o,charitywater",Causes of the global water crisis and 12 companies trying to solve it,,https://techcrunch.com/2017/03/22/causes-of-the-global-water-crisis-and-12-companies-trying-to-solve-it/
Catherine Shu,Asia,"The News Lens, an online journalism startup that aims to be the voice of reason in Asia’s raucous media landscape, will focus on creating more original video content after landing a Series B round. The startup hasn’t disclosed the exact amount, but says it is in the range of $2 million to $3 million.
Founded in 2013 as an antidote to the country’s scandal-obsessed tabloids, The News Lens has since grown to include separate editions for Hong Kong and international readers.
Its Series B was led by Wiskey Capital and includes returning investor North Base Media, a fund created by former Washington Post executive editor Marcus Brauchli and Media Development Loan Fund founder Sasa Vucinic to support independent media startups.
Other investment firms and angel investors that took part were Walden International, Trinity Investment, Angelvest, Dorcas Investments, Vic Chen,  Ogilvy PR Taiwan managing director Wei Shang, Irene Chen, board director of the Foundation for Excellent Journalism, Camp Mobile Taiwan general manager Edgar Chiu and Alice Sun, co-founder and COO of Knock Know.
Chung says that when The News Lens announced its Series A in May 2015, it had about 3 million to 4 million monthly unique visitors. That metric has now increased to 5 million to 6 million, and the company’s goal is to add another million monthly unique visitors to its sites by the end of this year.
The News Lens currently has a staff of about 70 and offices in Hong Kong and Taiwan. Its Series B will be used to create more video content and live streams with The News Lens’ new global news anchor, Jennifer Shen, one of Taiwan’s most prolific and recognizable TV journalists.
The addition of Shen is a big step because it shows that the site—which started as a Facebook page—now has the power to compete with established media organizations not only for eyeballs, but also for talent.
“It’s the first time in Taiwan history where someone of her caliber from traditional TV has come over to join new media, so it’s like a milestone, where a new media startup in Taiwan has finally grown up and we finally meet in the middle,” says Chung. “It really symbolizes that it’s a major player and can attract high-caliber talent—the number one anchor from the number one TV channel—to our company.”
The News Lens is one of the most prominent digital media startups based in Asia or created for Asian readers that have gained traction through social media, such as YouTube channel 88Rising, lifestyle magazine Juksy, and travel site Black Buddha. Like The News Lens, these companies are targeted to younger, educated audiences who are disillusioned by traditional media outlets.
Another signal that The News Lens is becoming a bona fide competitor to mainstream publications (in Taiwan, these include the Apple Daily, the Liberty Times and the United Daily) is its new content partnership with Time Inc., which allows it to translate and publish articles from Time and Fortune. Content licensing to textbook publishers and other sites is also a growing revenue stream.
Chung says that over the next couple of years, The News Lens plans to create three or four new sites that will focus on business, women’s issues, lifestyle and travel. Its first lifestyle site, called Every Little D (which stands for “details”), launched in January and Chung hopes it will create new opportunities for targeted advertising by attracting readers who usually skip headline news. Politically neutral soft news may also help The News Lens break through mainland China’s Great Firewall.
“There’s no reason why a piece on bespoke custom suit can’t be taken across platforms in Greater China and in English editions. We want to experiment with this for the Chinese market,” says Chung. “Lifestyle might be the one that’s not blocked in China.”",2017-03-22,1466727,https://tctechcrunch2011.files.wordpress.com/2017/03/img_4893.jpg?w=738,startups/,"the-news-lens,taiwan,independent-media",The News Lens raises Series B to challenge Asia’s traditional media companies,,https://techcrunch.com/2017/03/22/the-news-lens-raises-series-b-to-challenge-asias-traditional-media-companies/
Romain Dillet,Europe,"Station F is going to be the world’s biggest startup campus. A thousand startups are going to work in this huge building. And Station F wants to partner with the biggest tech companies, such as Zendesk, so that young startups don’t even have to pay to be there.
“By now, everybody knows where we are. We are at Station F, the world’s biggest startup campus. We will have a thousand startups surrounded by VCs, tech companies and experts,” Station F director Roxanne Varza said. “We’re talking with the best [tech companies] from all around the world and bringing them here.”
So what does it mean, bringing Zendesk to Station F? First, Station F will be able to use Zendesk as their customer support tool for free. Second, the company’s team in Paris is going to relocate to Station F (that’s 10 people or so).
Finally, Zendesk is going to have its own tiny incubator with 47 desks inside Station F. Startups will be able to work there for free. Zendesk already announced a couple of startups that are going to work from its mezzanine inside Station F — SnapCall and Ottspot.
Everything seems clear now. While you can pay around €195 per desk per month to enter Station F’s Founders Program, the campus would rather create a community with big tech companies and small tech companies working under the same roof.
Zendesk Director of Central and Southern Europe Gabriel Frasconi said that Zendesk isn’t paying a premium to sponsor these 47 desks. So the company is probably paying around €9,000 per month so that startups don’t have to. Station F backer Xavier Niel already said that he doesn’t want to make any money from this venture.
Other partners include Facebook, HEC Paris and Vente-Privée. From what I’ve heard, there could be as many as 15 different partners all paying for a tiny chunk of Station F.
“We need to create a big space to shed light on this ecosystem,” Niel said. “In order to do this, we need to have the best partners.”
In other news, you may remember that Zendesk acquired French startup BIME Analytics for $45 million. And it looks like the company is doubling down on BIME as the team is moving to a new office in Montpellier three times bigger than the old one.
“We’ve acquired two startups throughout our lifetime so far and we’ll acquire more. It was fantastic to acquire BIME in Montpellier. It is now the foundation of the analytics tools at Zendesk,” Zendesk co-founder and CEO Mikkel Svane said.
“The French tech ecosystem is booming and we’re the proof that we can attract tech companies like Zendesk,” former BIME Analytics CEO and now General Manager at Zendesk Rachel Delacour said.
Also, it’s worth mentioning that Svane has promised that he won’t speak on a panel at a tech conference if there are only men on this panel. Other executives at Zendesk took the same pledge. Originally a French initiative, it’s a good step in favor of more diversity at tech conferences and eventually in the tech ecosystem.
It’s important to invite inspiring women because conference organizers have a responsibility when it comes to being as inclusive as possible. Making sure successful women get the credit they deserve is going to inspire more women to come and work for a tech startup.
",2017-03-22,1467604,https://tctechcrunch2011.files.wordpress.com/2017/03/img_1268.jpg?w=738,startups/,"zendesk,station-f,france-newsletter",Zendesk is also partnering with startup megacampus Station F,,https://techcrunch.com/2017/03/22/zendesk-is-also-partnering-with-startup-megacampus-station-f/
Jonathan Shieber,Startups,"The Plug and Play network of accelerators and corporate partnerships is launching nine new cohorts in various industry verticals. It’s the largest group ever for the Sunnyvale, Calif.-based firm that bills itself as the largest accelerator in the world.
In all, Plug and Play will host 175 startups operating within nine different industry segments. The categories include brand and retail, financial technologies, food and beverage, health and wellness, insurance technologies, the Internet of Things, mobility, new materials and packaging, and travel and hospitality.
Plug and Play has built up this assortment of accelerator programs over the past three years as a complement to the family office investment fund that was the first real success for the Amidi family, former rug merchants who parlayed some real estate investments into a deep network in Silicon Valley.
Founder Saeed Amidi has turned Plug and Play into a global network with spaces in São Paulo, Berlin, Calgary, Moscow, San Diego, Singapore, Sunnyvale, Valencia, Spain and Vancouver.
As of 2014, the company was also planning to launch new programs for Jordan, Mexico and Poland.
The Plug and Play approach contrasts with other big valley accelerators like Y Combinator (whose demo day wrapped up on Tuesday), which have maintained a base in the Valley and pride themselves on their independence.
At Plug and Play, the model has been to partner with corporations and expose large multinationals to the Valley’s startup culture.
As we wrote back in 2014:
While there are concerns that launching such a massive group of companies into the market could dilute both the Plug and Play brand and create a lot of noise in the particular industries in which these companies are looking to complete, the accelerator defends its practices.
“Our greatest competitive edge above all other accelerators in the world is that we have a very engaged corporate partnership program: 180 major corporations (versus the 80 we had at the end of 2015 and shows how the model is working) that sign up to the industry accelerator relevant to their interests,” according to a spokeswoman for the firm. “This has created a huge slingshot for our startup companies seeking significant clients, pilot programs, corporate investment, and acquisition.”",2017-03-22,1467311,https://tctechcrunch2011.files.wordpress.com/2016/12/plug_and_play_tech_center.jpg?w=738,startups/,"plug-and-play,california,business-incubators,accelerator",Plug and Play launches 9 new accelerator programs,,https://techcrunch.com/2017/03/22/plug-and-play-launches-9-new-accelerator-programs/
John Biggs,Startups,"Vitaly M. Golomb leads global investments at HP Tech Ventures, the corporate venture arm of Silicon Valley’s original startup and is the author of Accelerated Startup, a book about ramping up your business. Below is a fascinating excerpt from the book about Golomb’s favorite thing: pitching.
If you’ve ever seen me speak at an event, you have probably noticed that I get very excited and passionate about pitching. There’s an excellent reason for that. I believe that a great pitch is useful in so many walks of business. As the CEO of a company, you’ll be pitching your startup morning, noon and night. Short, 90-second elevator pitches. Three- to six-minute pitches as part of a demo day or a pitch competition. And finally, the Holy Grail: in a VC’s office, for a 30- to 60-minute explanation of what the future looks like, if you have anything to do about it. Becoming a truly great pitch artist takes a lot of practice, which I encourage you to invest time in. But that doesn’t mean that there’s any excuse for having a downright poor pitch.
First things first, what is a pitch? In my mind, it’s a narrative that ends in a specific call to action. You’re pitching because you want something from someone. Maybe you want their advice, their business or (in the context we’ll be focusing on here) their investment. Whatever you’ll be pitching for in the future, know that you’ve done many pitches for your business already. You probably pitched your friends, family and significant other to convince them that this crazy startup thing you’re about to embark on was a good idea. Maybe you pitched your old boss to let you work part time, or when you told him or her you were considering quitting your job.
The “call to action” part of the pitch is extremely important. If you’re including stuff in your pitch that doesn’t help build the case for your call to action, you should absolutely scrub it from the script. For example, a 90-second elevator pitch has the same purpose as the introductions we talked about in Chapter 28. The idea is to get a meeting. You don’t get a meeting by speaking extra fast and loading tons and tons of information into your pitch. You’re not trying to explain everything; you’re trying to share enough information to pique their curiosity and make them want to learn more.
Most pitches take place on a stage, of sorts. Not always a literal stage, but a stage nonetheless. Like everything delivered from a stage, your pitch is a performance. If your business is the most innovative thing on stage that day but you’re staring at your shoes, mumbling and reading from the slides… guess who won’t be getting a phone call.
As your company grows and evolves, you’ll probably get to do a number of three-minute pitches, as part of accelerator demo days, pitch competitions, and so on. The goal here is the same: get that meeting. But there are also a couple of other objectives. If you are part of a large, well-known accelerator, you’re probably a great startup, but you have a problem: you will be pitching alongside dozens, if not a hundred, other startups. They’ve all been prepped well. They all need to raise money. That means your goal changes: out of the hundreds of pitches your audience will sit through, you need to stand out enough that you’re remembered. When the investors go home at the end of the day, their notepads will have a ton of notes scribbled down on them. Your goal is to ensure that there’s a circle around your company’s name, and a dollar sign in the margin.
Think of every pitch you do as a competition. You’re pitching to win the grand prize in a competitive field. That means you need to be rehearsed, prepared, well rested and ready for battle. The prize, by the way? Yeah, that’s that meeting we were talking about. It is a little bit like winning a hot-dog eating competition, only to learn that the prize is a jumbo-sized hot dog, but trust me: it’s worth it. The meeting will include another pitch, this time about 20 minutes in length. If they like what they’re hearing and if there’s a good back-and-forth happening, the meeting will stretch to an hour.
So, what goes into the pitch, any pitch? First of all, you need to capture your audience’s attention. They have their phones in their hand, and they are probably checking Twitter and reading emails as they watch your pitch. If they hear something interesting halfway through your pitch and decide to start paying attention, they won’t have heard anything up to that point. That sucks for you, but it’s the reality of things. So, you need to lead with the one thing that will get their attention. The single most important part of your presentation: traction. How well is your company doing? How many users do you have? How fast are you growing? How much revenue are you generating? If your numbers are good, chances are that the investors will pay attention, even if they’re not immediately interested in your space. If someone is pitching something that is consistently growing at 50 percent per week, I’m reaching for my checkbook, and you can explain to me what it is later. It’s that simple.
The next part of your pitch is what your company is about. Who is your customer, and what is the problem you are solving? This is important because if I don’t know those two things, I don’t have any context for evaluating the company. As I discussed in Chapter 20, it’s much easier to start with a very focused customer. Make them obsessed about the product, and expand from there. In other words: it is a far better story to say that a third of people in San Francisco use your product and that you have a plan for scaling it to the rest of the world, rather than saying that 200,000 people use your product worldwide. The absolute numbers might be the same, but the implication and the story are vastly different. There is no shame to limiting your user base geographically, or to a more narrowly focused market, but make sure you explain that as part of your presentation.
Okay, we’ve now checked off your traction and the market, and explained why the problem is important to the users. Next, consider exploring how the problem is currently being solved. It is unlikely that you came along and found a completely new market. Uber didn’t invent transportation; they just looked at the taxi industry and thought, “You know what? That’s terrible, we can do better.” In explaining how customers are currently solving these problem, you are helping illustrate that it is worth solving. If nobody is experiencing the problem you have a solution for, I have some bad news for you: you don’t have a business. The same goes for competitors, by the way. If you don’t have any, it means there is no problem, there’s no market and you don’t have a business.
If your presentation has gone well up to this point, the audience is at the edge of their seats. They know the market, they feel the problem and now they are eager to hear how you’re going to solve this problem. Explain how your solution is perfect for the task at hand. I like to compare painkillers to vitamins: if your solution is something that’s nice to have that people can’t be bothered restocking when they run out, you are facing a challenge. Conversely, when my Advil bottle is half empty, you’d better believe I’ll be stopping at a pharmacy on my way home. Be Advil, not vitamins, and make sure that your audience knows it.
Trust me, everything I’ve explained above can be done in 90 seconds. For presentations where you have more than just a quick elevator ride worth of time, hit the audience with the how. If you have 20 minutes, it’s time for a live demo. If the clock is running out, a few screen shots do the trick. Either way, the investors want to know exactly how you’re going to deliver on your promises.
For something to be a VC-investable proposition, the next part of your pitch is going to be all about the market. It had better be huge. It needs to be, because otherwise the VCs aren’t interested in placing a bet on you. Explain how big the market is, and how quickly it is growing. In fact, the speed of growth of a market is even more important than its current size. If you are coming into a big market that’s stagnant, you’ll have to take each customer from a competitor with a bigger name, more money and more trust. On the other hand, if you become a leading player in a market growing 100% per year, you will grow that fast by just playing the game.
Next, it’s time to explain what your business model is. How are you going to attract new customers and how is your company going to make money? How will you find new customers, how much does it cost and how long does it take? How soon will you break even on them? How much revenue will they bring your company over their lifetime? And now that we understand the total market size and your business model, provide some summary financials. How much money will you be making in three years? How big will your team need to be then?
Something your investors will definitely want to learn more about is your management team. As investors, they are about to place a sizable bet on your company. They need to be convinced that the people in the company know what they are doing and have the capacity to deliver. If you and your team have built companies and exited them before, brag about it. If you used to work at Budweiser, and you’re about to launch a product that makes selling more beer easier, make that clear. If you are the foremost expert in the world on something and you have a doctorate to prove it, shout it from the rooftops. I wouldn’t spend too much time on this in short pitches, but if you have a little bit more time, do so. Remember, your company’s chance of success will be guesstimated based on your traction and your team. Ideas are cheap, execution is everything. This part of your pitch is where you explain to your audience that you have the right team to execute your idea. If there’s even the slightest doubt in your mind that you have the right team, then stop pitching and start hiring.
Right. That’s it for your pitch, except the most important part: closing the deal. A great way to end your pitch is to restate why you’re there. “We have some really smart tech that will change the way you order groceries, and the best, most experienced team in the business. We are raising $2 million. My details are on the screen, please email me to find out more.” Perfect, clean and to-the-point.
For the pitching itself, I want to briefly talk about body language. I strongly recommend getting some one-to-one training with a pitch coach. This is part of the package in an accelerator, but even if you haven’t gone through an accelerator program (yet), try to find someone who can see you in action and give you some pointers. Exuding confidence, planting your feet solidly on the ground, projecting your voice well and working on having eye contact with your audience is crucial and not that difficult to master. All it takes is some practice.
A few investors will ask you to send them your slides before you pitch to them, which is a little bit awkward. If you’ve ever seen a very good presentation, you realize that the slides are there to help set the pace and to illustrate what the presenter is saying. It doesn’t tell the full story. If you send the slide deck to your investors, they probably won’t understand what the deal is, so I typically recommending saving it for the meeting. One way around this issue (worth considering especially if you are based geographically far away from potential investors) is to prepare two slide decks. One is your normal deck for presenting, the other is an executive summary designed for reading and getting a feel for what you’re about to present.
Albert Einstein once said, “If you can’t explain it simply, you don’t understand it well enough.” Bear that in mind; if you can’t explain your company to a room full of investors who may not be experts on your market segment, go back to the drawing board.
 ",2017-03-22,1467480,https://tctechcrunch2011.files.wordpress.com/2016/01/8017529825_a7bda0973a_k.jpg?w=738,startups/,"entrepreneurship,economy,business,author",The Art of the Pitch,,https://techcrunch.com/2017/03/22/the-art-of-the-pitch-2/
